metadata	0	metadata		1163	4a311abbaa9ac3608998cceb8e5c8184a0d507a582aaf629a400c017151295a4	https://opentextbooks.library.arizona.edu/mathematicalmodeling/wp-json/pressbooks/v2/metadata
toc	0	toc		22634	e250c144f367d102dc4c808e092a744c3319a1dd0d816e5dfb78b00fc2e4f3e1	https://opentextbooks.library.arizona.edu/mathematicalmodeling/wp-json/pressbooks/v2/toc
front-matter	22	introduction-2	2024-06-29T02:46:15	11380	b8ab499c797f89f734b9179f8a82e3afe508cadabd62cd485f281348ade1f383	https://opentextbooks.library.arizona.edu/mathematicalmodeling/wp-json/pressbooks/v2/front-matter/22
parts	23	part-1-what-is-a-model	2024-06-29T02:56:19	2106	a5b7d445ca02f514b7b065dde2834ede1959c5eb256a2c6d31342c302276470b	https://opentextbooks.library.arizona.edu/mathematicalmodeling/wp-json/pressbooks/v2/parts/23
chapters	25	chapter-1	2026-03-27T02:08:36	37918	0286cb444c7f2f4a2db83865f948d3d3dc00147e2280fa665a1abc68ad804826	https://opentextbooks.library.arizona.edu/mathematicalmodeling/wp-json/pressbooks/v2/chapters/25
chapters	27	first-steps-modeling-the-wave	2026-03-27T02:10:41	39193	428a143edeec7843d3f4a2e2f02e5aa50fcde2cff366ca976988ecfa4191e69b	https://opentextbooks.library.arizona.edu/mathematicalmodeling/wp-json/pressbooks/v2/chapters/27
parts	28	part-2-models-from-classical-mechanics	2024-06-29T02:57:03	2296	03ead95b0ebcfb470c92bb7e48a85ce45d7639ec0aafb00f981eaf90ffd3f1e9	https://opentextbooks.library.arizona.edu/mathematicalmodeling/wp-json/pressbooks/v2/parts/28
chapters	38	the-nonlinear-pendulum	2026-03-27T02:14:38	128063	240a00176ea39c067c36393facf35308bdbee11925dbc293bad2ce33ca9c339c	https://opentextbooks.library.arizona.edu/mathematicalmodeling/wp-json/pressbooks/v2/chapters/38
chapters	39	stone-skipping	2026-03-19T21:51:57	71697	a1a31a51f76e7b4f74b8ed302b112acaad6bd87b0b9b5cb134676c5205b03e55	https://opentextbooks.library.arizona.edu/mathematicalmodeling/wp-json/pressbooks/v2/chapters/39
parts	40	part-3-population-dynamics-and-epidemiology	2024-06-29T02:57:20	5758	e0c7435af2c60d11f80eef9924934c335c93100cd86de57170820560797f9576	https://opentextbooks.library.arizona.edu/mathematicalmodeling/wp-json/pressbooks/v2/parts/40
chapters	48	single-species-models	2026-03-27T02:27:32	119420	7f276a994f78af2af02d5bdd39b9566a50f5e3b09b25351c70cdff50736c66be	https://opentextbooks.library.arizona.edu/mathematicalmodeling/wp-json/pressbooks/v2/chapters/48
chapters	53	two-species-models	2026-03-27T02:30:16	63377	cdcc1c12fc5c0245ffbb94c6cfdc706570f50540bb6719d78e1391f282b114de	https://opentextbooks.library.arizona.edu/mathematicalmodeling/wp-json/pressbooks/v2/chapters/53
chapters	57	epidemiology	2026-03-19T20:23:36	48627	dcf828ca5ce0c58ced8eb5203dfd1b5a949bd6af3b9c000017a6dd133bb58d2f	https://opentextbooks.library.arizona.edu/mathematicalmodeling/wp-json/pressbooks/v2/chapters/57
parts	58	632-2-2	2026-03-17T22:14:18	6589	75d370fb729c39ba436eb1a91f5876291ef4c0487235b968d8a0a0002481f232	https://opentextbooks.library.arizona.edu/mathematicalmodeling/wp-json/pressbooks/v2/parts/58
chapters	62	chemical-reactions	2026-03-24T21:29:34	60372	1c9f5f1ec75756f23720a3ef5d278302de0957347a59dde6f8021d3a970d7656	https://opentextbooks.library.arizona.edu/mathematicalmodeling/wp-json/pressbooks/v2/chapters/62
chapters	196	diffusion	2026-03-19T20:10:36	65160	e53b35acf85334d2df48124211843b08b7ca1e9e9ca8c91465f215dfbb219c2a	https://opentextbooks.library.arizona.edu/mathematicalmodeling/wp-json/pressbooks/v2/chapters/196
chapters	194	pattern-formation	2026-03-19T20:11:05	49768	fbabaa5ed87f7b1e1a2a851555b2e0b7b37d3398a6450b67ffb73efcdb614f06	https://opentextbooks.library.arizona.edu/mathematicalmodeling/wp-json/pressbooks/v2/chapters/194
parts	409	appendices	2024-07-04T01:20:04	1664	ccc3b6a575bf84e7ae94d3b3f5320e59279b088bede008e0e99bb423821a05c8	https://opentextbooks.library.arizona.edu/mathematicalmodeling/wp-json/pressbooks/v2/parts/409
chapters	410	linear-algebra	2026-03-19T20:11:37	29468	762b7d0825a0669bc603f74b7d9b4c183a5e862dc594d3f9d467788397be31ce	https://opentextbooks.library.arizona.edu/mathematicalmodeling/wp-json/pressbooks/v2/chapters/410
chapters	413	appendix-vector-calculus	2026-03-19T19:53:52	31922	fa1364a307b033035bce94975db0667edf3b8d208e73b4e07882b090cafab377	https://opentextbooks.library.arizona.edu/mathematicalmodeling/wp-json/pressbooks/v2/chapters/413
chapters	445	appendix-ordinary-differential-equations	2026-03-19T20:12:31	136353	4c1d86fe406cb145189312bc82c7c1572632335b2cab0eb29ee6fbfa1fa9a37c	https://opentextbooks.library.arizona.edu/mathematicalmodeling/wp-json/pressbooks/v2/chapters/445
chapters	555	examples-of-project-topics	2026-03-24T21:46:02	38887	cb9e10a0a6df089194f2bb90bc335d641230cce00dc47c90b6d1802dd6769013	https://opentextbooks.library.arizona.edu/mathematicalmodeling/wp-json/pressbooks/v2/chapters/555
back-matter	767	accessibility-statement	2026-04-14T19:55:11	8643	b83809539e7891f791d94a4b52f260e90b43a9b5f74336cd66e0eb3d61e01e1f	https://opentextbooks.library.arizona.edu/mathematicalmodeling/wp-json/pressbooks/v2/back-matter/767
back-matter	771	versioning-history	2026-03-27T03:58:27	4360	0052fc28351f4f57432488687643f6cd422fa965621c7cddc364dba4b0bbf53d	https://opentextbooks.library.arizona.edu/mathematicalmodeling/wp-json/pressbooks/v2/back-matter/771
